subdistrict_code,subdistrict_name,district_code,latitude,longitude,timezone
1001,Pondok Rajeg,01,-6.45630019,106.81987843,Asia/Jakarta
1002,Karadenan,01,-6.51694652,106.81044882,Asia/Jakarta
1003,Harapanjaya,01,-6.46144199,106.83599587,Asia/Jakarta
1004,Nanggewer,01,-6.51212388,106.82931177,Asia/Jakarta
1005,Nanggewer Mekar,01,-6.50332807,106.8356789,Asia/Jakarta
1006,Cibinong,01,-6.48947964,106.85314415,Asia/Jakarta
1007,Pakansari,01,-6.48806195,106.83497864,Asia/Jakarta
1008,Tengah,01,-6.47658502,106.82597583,Asia/Jakarta
1009,Sukahati,01,-6.49301256,106.81281704,Asia/Jakarta
1010,Ciriung,01,-6.46549182,106.86606201,Asia/Jakarta
1011,Cirimekar,01,-6.47394458,106.85606641,Asia/Jakarta
1012,Pabuaran,01,-6.46258323,106.8489532,Asia/Jakarta
1013,Pabuaran Mekar,01,-6.44475686,106.84808445,Asia/Jakarta
2001,Wanaherang,02,-6.4164817,106.94501393,Asia/Jakarta
2002,Bojong Kulur,02,-6.32120315,106.96935171,Asia/Jakarta
2003,Ciangsana,02,-6.35602236,106.95875407,Asia/Jakarta
2004,Gunung Putri,02,-6.4625472,106.8944365,Asia/Jakarta
2005,Bojong Nangka,02,-6.43132672,106.90253305,Asia/Jakarta
2006,Tlajung Udik,02,-6.44598697,106.91390333,Asia/Jakarta
2007,Cicadas,02,-6.43239257,106.92811793,Asia/Jakarta
2008,Cikeas Udik,02,-6.40387832,106.92717446,Asia/Jakarta
2009,Nagrak,02,-6.3849917,106.94592534,Asia/Jakarta
2010,Karanggan,02,-6.45664754,106.88574465,Asia/Jakarta
2001,Puspasari,03,-6.47613118,106.87450418,Asia/Jakarta
2002,Citeureup,03,-6.48060589,106.89257468,Asia/Jakarta
2004,Cibanon,04,-6.62925948,106.84411215,Asia/Jakarta
2005,Nagrak,04,-6.61833442,106.8558156,Asia/Jakarta
2006,Sukatani,04,-6.60872126,106.84103067,Asia/Jakarta
2007,Sukaraja,04,-6.60042934,106.8356774,Asia/Jakarta
2008,Cikeas,04,-6.59161727,106.84877298,Asia/Jakarta
2009,Pasir Jambu,04,-6.53540122,106.81044686,Asia/Jakarta
2010,Cimandala,04,-6.52975059,106.82442352,Asia/Jakarta
2011,Cijujung,04,-6.53097045,106.83671739,Asia/Jakarta
2012,Cadasngampar,04,-6.57344394,106.84099789,Asia/Jakarta
2013,Pasirlaja,04,-6.551076,106.83655408,Asia/Jakarta
2001,Cijayanti,05,-6.60189311,106.87024075,Asia/Jakarta
2002,Sumurbatu,05,-6.57733591,106.87883944,Asia/Jakarta
2003,Sentul,05,-6.52098799,106.85133516,Asia/Jakarta
2004,Karang Tengah,05,-6.59841004,106.93723018,Asia/Jakarta
2005,Cipambuan,05,-6.55755646,106.84574629,Asia/Jakarta
2006,Kadumanggu,05,-6.54483353,106.85484562,Asia/Jakarta
2007,Citaringgul,05,-6.56893897,106.85475499,Asia/Jakarta
2008,Babakan Madang,05,-6.56514878,106.86693356,Asia/Jakarta
2009,Bojong Koneng,05,-6.61038936,106.90618917,Asia/Jakarta
2001,Sukamaju,06,-6.44991713,107.04995682,Asia/Jakarta
2002,Sirnagalih,06,-6.47321252,107.09047565,Asia/Jakarta
2003,Singajaya,06,-6.47079738,107.04570858,Asia/Jakarta
2004,Sukasirna,06,-6.49643712,107.05586499,Asia/Jakarta
2005,Sukanegara,06,-6.52217975,107.03611758,Asia/Jakarta
2006,Sukamanah,06,-6.44324103,107.06591981,Asia/Jakarta
2007,Weninggalih,06,-6.46161874,107.10020674,Asia/Jakarta
2008,Cibodas,06,-6.50890343,107.01213674,Asia/Jakarta
2009,Jonggol,06,-6.46440748,107.07309307,Asia/Jakarta
2010,Bendungan,06,-6.49246278,107.08639962,Asia/Jakarta
2011,Singasari,06,-6.47370587,107.01648166,Asia/Jakarta
2012,Balekambang,06,-6.51179318,107.08620799,Asia/Jakarta
2013,Sukajaya,06,-6.5503772,107.01335299,Asia/Jakarta
2014,Sukagalih,06,-6.48274788,107.10871775,Asia/Jakarta
2001,Pasirangin,07,-6.37817502,106.98307199,Asia/Jakarta
2002,Mekarsari,07,-6.40584349,106.99607692,Asia/Jakarta
2003,Mampir,07,-6.43047691,106.99615686,Asia/Jakarta
2004,Dayeuh,07,-6.4305539,106.96765965,Asia/Jakarta
2005,Gandoang,07,-6.41316532,107.01449222,Asia/Jakarta
2006,Jatisari,07,-6.4127117,107.05056615,Asia/Jakarta
2007,Cileungsi Kidul,07,-6.41070827,106.96938486,Asia/Jakarta
2008,Cipeucang,07,-6.42368512,107.04033882,Asia/Jakarta
2009,Situsari,07,-6.43161228,107.02288801,Asia/Jakarta
2010,Cipenjo,07,-6.39001696,106.99249472,Asia/Jakarta
2011,Limusnunggal,07,-6.37500641,106.96920075,Asia/Jakarta
2012,Cileungsi,07,-6.39969469,106.96245364,Asia/Jakarta
2001,Karyamekar,08,-6.5476738,107.10440291,Asia/Jakarta
2002,Babakanraden,08,-6.48359956,107.14090327,Asia/Jakarta
2003,Cikutamahi,08,-6.54586108,107.16936114,Asia/Jakarta
2004,Kutamekar,08,-6.51157026,107.15224995,Asia/Jakarta
2005,Cariu,08,-6.51017397,107.12805265,Asia/Jakarta
2006,Mekarwangi,08,-6.52522404,107.10816557,Asia/Jakarta
2007,Bantarkuning,08,-6.56164732,107.14713472,Asia/Jakarta
2008,Sukajadi,08,-6.49026317,107.15972177,Asia/Jakarta
2009,Tegalpanjang,08,-6.49223203,107.11653809,Asia/Jakarta
2010,Cibatutiga,08,-6.54169036,107.14244921,Asia/Jakarta
2001,Wargajaya,09,-6.62566562,107.01338864,Asia/Jakarta
2002,Pabuaran,09,-6.54685482,106.96027639,Asia/Jakarta
2003,Sukadamai,09,-6.55361201,107.06192158,Asia/Jakarta
2004,Sukawangi,09,-6.65112714,107.04180546,Asia/Jakarta
2005,Cibadak,09,-6.58190072,106.96021729,Asia/Jakarta
2006,Sukaresmi,09,-6.53485425,107.05130728,Asia/Jakarta
2007,Sukamulya,09,-6.59108284,106.99721755,Asia/Jakarta
2008,Sukaharja,09,-6.60364493,107.05494774,Asia/Jakarta
2009,Sirnajaya,09,-6.61866859,106.99750674,Asia/Jakarta
2010,Sukamakmur,09,-6.57272795,106.98568358,Asia/Jakarta
2003,Pengasinan,11,-6.36920351,106.69055657,Asia/Jakarta
2004,Curug,11,-6.39599099,106.71999475,Asia/Jakarta
2005,Gunungsindur,11,-6.3845511,106.66956699,Asia/Jakarta
2006,Jampang,11,-6.39882337,106.65506348,Asia/Jakarta
2007,Cibadung,11,-6.40357642,106.67794727,Asia/Jakarta
2008,Cibinong,11,-6.39473666,106.69071316,Asia/Jakarta
2009,Rawakalong,11,-6.37022809,106.71030308,Asia/Jakarta
2010,Pabuaran,11,-6.369313,106.66833354,Asia/Jakarta
2001,Bojong,12,-6.52740092,106.75226736,Asia/Jakarta
2002,Parakanjaya,12,-6.52105906,106.7623587,Asia/Jakarta
2003,Kemang,12,-6.50784485,106.74859078,Asia/Jakarta
2004,Pabuaran,12,-6.5038798,106.72536198,Asia/Jakarta
2005,Semplak Barat,12,-6.54357567,106.74859961,Asia/Jakarta
1006,Atang Senjaya,12,-6.54072088,106.75868298,Asia/Jakarta
2007,Jampang,12,-6.47476383,106.7265667,Asia/Jakarta
2008,Pondok Udik,12,-6.49100708,106.7371198,Asia/Jakarta
2009,Tegal,12,-6.48363639,106.70952952,Asia/Jakarta
2001,Bojongbaru,13,-6.47684967,106.8095821,Asia/Jakarta
2002,Cimanggis,13,-6.50386031,106.77632005,Asia/Jakarta
2003,Susukan,13,-6.46933491,106.790188,Asia/Jakarta
2004,Ragajaya,13,-6.44550906,106.78223909,Asia/Jakarta
2005,Kedungwaringin,13,-6.49649418,106.79384394,Asia/Jakarta
2006,Waringinjaya,13,-6.5085381,106.79111425,Asia/Jakarta
1007,Pabuaran,13,-6.46077854,106.79855022,Asia/Jakarta
2008,Rawapanjang,13,-6.45821755,106.80953053,Asia/Jakarta
2009,Bojonggede,13,-6.48662156,106.80003476,Asia/Jakarta
2001,Leuwiliang,14,-6.56625823,106.63029031,Asia/Jakarta
2002,Purasari,14,-6.69936657,106.60137252,Asia/Jakarta
2003,Karyasari,14,-6.63822947,106.62021018,Asia/Jakarta
2004,Pabangbon,14,-6.62735237,106.59020279,Asia/Jakarta
2005,Karacak,14,-6.62031808,106.62919788,Asia/Jakarta
2006,Barengkok,14,-6.59805867,106.6355076,Asia/Jakarta
2007,Leuwimekar,14,-6.58301275,106.6330863,Asia/Jakarta
2008,Puraseda,14,-6.66720004,106.59726095,Asia/Jakarta
2009,Cibeber I,14,-6.57589476,106.61932529,Asia/Jakarta
2010,Cibeber II,14,-6.60139954,106.61612595,Asia/Jakarta
2011,Karehkel,14,-6.54941742,106.63469743,Asia/Jakarta
2001,Ciampea,15,-6.54281679,106.68917403,Asia/Jakarta
2002,Cinangka,15,-6.59185516,106.70013812,Asia/Jakarta
2003,Cihideungudik,15,-6.58165047,106.7156183,Asia/Jakarta
2004,Bojongjengkol,15,-6.57479916,106.70976574,Asia/Jakarta
2005,Tegalwaru,15,-6.572906,106.69860951,Asia/Jakarta
2006,Cibuntu,15,-6.5942141,106.68509387,Asia/Jakarta
2007,Cicadas,15,-6.57856306,106.68304994,Asia/Jakarta
2008,Cibadak,15,-6.55980766,106.68737008,Asia/Jakarta
2009,Bojongrangkas,15,-6.56012159,106.69507826,Asia/Jakarta
2010,Cihideunghilir,15,-6.57004667,106.72200937,Asia/Jakarta
2011,Cibanteng,15,-6.55662412,106.71125964,Asia/Jakarta
2012,Benteng,15,-6.54619596,106.7029028,Asia/Jakarta
2013,Ciampea Udik,15,-6.61193522,106.68299221,Asia/Jakarta
2001,Situ Udik,16,-6.61895634,106.65197243,Asia/Jakarta
2002,Situ Ilir,16,-6.60263238,106.65341812,Asia/Jakarta
2003,Cemplang,16,-6.57899883,106.64842027,Asia/Jakarta
2004,Cibatok I,16,-6.58162783,106.66588456,Asia/Jakarta
2005,Ciaruteun Udik,16,-6.60419139,106.67400207,Asia/Jakarta
2006,Leuweungkolot,16,-6.55920463,106.67475439,Asia/Jakarta
2007,Cimanggu I,16,-6.56216889,106.66555104,Asia/Jakarta
2008,Cimanggu II,16,-6.56959189,106.6617376,Asia/Jakarta
2009,Dukuh,16,-6.56567074,106.65290429,Asia/Jakarta
2010,Cijujung,16,-6.55090381,106.65388289,Asia/Jakarta
2011,Ciaruteun Ilir,16,-6.54032144,106.67529073,Asia/Jakarta
2012,Cibatok II,16,-6.59265584,106.66727442,Asia/Jakarta
2013,Sukamaju,16,-6.5888061,106.65331799,Asia/Jakarta
2014,Galuga,16,-6.5654597,106.6422413,Asia/Jakarta
2015,Girimulya,16,-6.57053257,106.67667536,Asia/Jakarta
2014,Gunungsari,17,-6.69942185,106.68482617,Asia/Jakarta
2015,Ciasmara,17,-6.70599214,106.66176981,Asia/Jakarta
2001,Rumpin,18,-6.44000365,106.64428307,Asia/Jakarta
2002,Leuwibatu,18,-6.52817078,106.61990825,Asia/Jakarta
2003,Cidokom,18,-6.51872004,106.67452544,Asia/Jakarta
2004,Gobang,18,-6.51436851,106.64794379,Asia/Jakarta
2005,Cibodas,18,-6.48945427,106.66263427,Asia/Jakarta
2006,Rabak,18,-6.48729599,106.62961626,Asia/Jakarta
2007,Kampungsawah,18,-6.45932648,106.6324007,Asia/Jakarta
2008,Cipinang,18,-6.44326324,106.61438888,Asia/Jakarta
2009,Sukasari,18,-6.41894568,106.62237842,Asia/Jakarta
2010,Tamansari,18,-6.39801086,106.62872053,Asia/Jakarta
2011,Kertajaya,18,-6.39634969,106.60274978,Asia/Jakarta
2012,Sukamulya,18,-6.37214003,106.63228616,Asia/Jakarta
2013,Mekarsari,18,-6.37597471,106.60353013,Asia/Jakarta
2014,Mekarjaya,18,-6.53132355,106.65967594,Asia/Jakarta
2001,Curug,19,-6.49732062,106.42528297,Asia/Jakarta
2002,Pangradin,19,-6.52498634,106.47887391,Asia/Jakarta
2003,Kalongsawah,19,-6.50327196,106.49456307,Asia/Jakarta
2004,Sipak,19,-6.4868218,106.48335865,Asia/Jakarta
2005,Jasinga,19,-6.48368362,106.45032114,Asia/Jakarta
2006,Koleang,19,-6.46531383,106.43842381,Asia/Jakarta
2007,Cikopomayak,19,-6.44921705,106.46511608,Asia/Jakarta
2008,Setu,19,-6.46738256,106.46876131,Asia/Jakarta
2003,Leuwinutug,03,-6.51375624,106.86172321,Asia/Jakarta
2004,Tajur,03,-6.53977106,106.92057295,Asia/Jakarta
2005,Sanja,03,-6.50390557,106.8675273,Asia/Jakarta
1006,Puspanegara,03,-6.47874819,106.88084217,Asia/Jakarta
1007,Karang Asem Barat,03,-6.49073152,106.86994002,Asia/Jakarta
2008,Karang Asem Timur,03,-6.49659002,106.87978368,Asia/Jakarta
2009,Tarikolot,03,-6.4986074,106.89022353,Asia/Jakarta
2010,Gunungsari,03,-6.49341919,106.90274055,Asia/Jakarta
2011,Tangkil,03,-6.53464179,106.87137693,Asia/Jakarta
2012,Sukahati,03,-6.5161656,106.88288313,Asia/Jakarta
2013,Hambalang,03,-6.54837255,106.89759917,Asia/Jakarta
2014,Pasir Mukti,03,-6.50885702,106.89843746,Asia/Jakarta
2001,Gununggeulis,04,-6.63256955,106.88458726,Asia/Jakarta
2002,Cilebut Timur,04,-6.52739116,106.80165089,Asia/Jakarta
2003,Cilebut Barat,04,-6.52988115,106.79500589,Asia/Jakarta
2001,Parung,10,-6.42660864,106.73155033,Asia/Jakarta
2002,Iwul,10,-6.45681215,106.7151919,Asia/Jakarta
2003,Bojongsempu,10,-6.44505958,106.70507468,Asia/Jakarta
2004,Waru,10,-6.42029417,106.71991751,Asia/Jakarta
2005,Cogreg,10,-6.41997192,106.69082291,Asia/Jakarta
2006,Pamegarsari,10,-6.4404795,106.72780594,Asia/Jakarta
2007,Warujaya,10,-6.42633786,106.7095478,Asia/Jakarta
2008,Bojongindah,10,-6.43269284,106.70179142,Asia/Jakarta
2009,Jabonmekar,10,-6.45370779,106.7263658,Asia/Jakarta
2001,Cidokom,11,-6.40523672,106.70691421,Asia/Jakarta
2002,Padurenan,11,-6.39101881,106.70482577,Asia/Jakarta
2001,Purwabakti,17,-6.72742901,106.63490313,Asia/Jakarta
2002,Cibunian,17,-6.69645777,106.62614496,Asia/Jakarta
2003,Cibitungwetan,17,-6.64921814,106.6386162,Asia/Jakarta
2004,Gunungmenyan,17,-6.62829822,106.66736541,Asia/Jakarta
2005,Gunungbunder II,17,-6.68838257,106.70119029,Asia/Jakarta
2006,Pasarean,17,-6.6383834,106.66003068,Asia/Jakarta
2007,Cimayang,17,-6.61010086,106.66625652,Asia/Jakarta
2008,Pamijahan,17,-6.64420432,106.65034276,Asia/Jakarta
2009,Cibening,17,-6.63204319,106.67689663,Asia/Jakarta
2010,Gunungbunder I,17,-6.64836589,106.68165137,Asia/Jakarta
2011,Cibitung Kulon,17,-6.66437455,106.64058061,Asia/Jakarta
2012,Gunung Picung,17,-6.67826048,106.68165838,Asia/Jakarta
2013,Ciasihan,17,-6.71287543,106.67616707,Asia/Jakarta
2005,Cikadut,06,-6.88161718,107.67960513,Asia/Jakarta
2006,Ciburial,06,-6.84957635,107.64959345,Asia/Jakarta
2007,Sindanglaya,06,-6.88435772,107.68950596,Asia/Jakarta
2008,Mekarsaluyu,06,-6.86142632,107.65027549,Asia/Jakarta
2009,Mekarmanik,06,-6.85346788,107.69465311,Asia/Jakarta
1001,Padasuka,06,-6.88717237,107.65557827,Asia/Jakarta
1002,Cibeunying,06,-6.8805554,107.64192346,Asia/Jakarta
2003,Cimenyan,06,-6.85869064,107.66931596,Asia/Jakarta
2004,Mandalamekar,06,-6.87381197,107.6735214,Asia/Jakarta
2001,Jatiendah,07,-6.90115419,107.69828687,Asia/Jakarta
2002,Cilengkrang,07,-6.89070986,107.73384401,Asia/Jakarta
2003,Cipanjalu,07,-6.84980684,107.72836023,Asia/Jakarta
2004,Melatiwangi,07,-6.88199013,107.70636816,Asia/Jakarta
2005,Ciporeat,07,-6.87838913,107.72757342,Asia/Jakarta
2006,Girimekar,07,-6.87125524,107.70453036,Asia/Jakarta
2001,Lengkong,08,-6.9802711,107.65155225,Asia/Jakarta
2002,Bojongsoang,08,-6.98809026,107.64293454,Asia/Jakarta
2003,Buahbatu,08,-6.98086271,107.67041278,Asia/Jakarta
2004,Cipagalo,08,-6.97039591,107.65279896,Asia/Jakarta
2005,Bojongsari,08,-6.99991003,107.65162115,Asia/Jakarta
2006,Tegalluar,08,-6.97965259,107.68993033,Asia/Jakarta
2001,Margahayu Tengah,09,-6.96034567,107.57176217,Asia/Jakarta
2002,Margahayu Selatan,09,-6.97082025,107.56640762,Asia/Jakarta
2003,Sukamenak,09,-6.97138341,107.58421513,Asia/Jakarta
1004,Sulaiman,09,-6.98521306,107.5735891,Asia/Jakarta
2005,Sayati,09,-6.97136887,107.57587817,Asia/Jakarta
2001,Margaasih,10,-6.93913507,107.54623849,Asia/Jakarta
2002,Lagadar,10,-6.92769471,107.53281648,Asia/Jakarta
2003,Nanjung,10,-6.95395303,107.53834329,Asia/Jakarta
2004,Mekarrahayu,10,-6.9711981,107.5520709,Asia/Jakarta
2005,Rahayu,10,-6.9581201,107.55647438,Asia/Jakarta
2006,Cigondewah Hilir,10,-6.95203382,107.55117359,Asia/Jakarta
2001,Sangkanhurip,11,-6.99856487,107.56692697,Asia/Jakarta
2002,Katapang,11,-7.00504864,107.5463802,Asia/Jakarta
2004,Gandasari,11,-7.02476175,107.55076301,Asia/Jakarta
2006,Sukamukti,11,-7.00256018,107.58028762,Asia/Jakarta
2007,Cilampeni,11,-6.98931635,107.55198417,Asia/Jakarta
2008,Pangauban,11,-7.00251072,107.55559196,Asia/Jakarta
2009,Banyusari,11,-7.01775045,107.55887376,Asia/Jakarta
1001,Pasawahan,12,-6.96873592,107.61457101,Asia/Jakarta
2002,Dayeuhkolot,12,-6.98477418,107.62195351,Asia/Jakarta
2003,Cangkuang Wetan,12,-6.97101907,107.60461966,Asia/Jakarta
2004,Cangkuang Kulon,12,-6.97048702,107.5940808,Asia/Jakarta
2005,Sukapura,12,-6.96877208,107.62833013,Asia/Jakarta
2006,Citeureup,12,-6.97969428,107.62597939,Asia/Jakarta
2001,Kamasan,13,-7.04782271,107.57827047,Asia/Jakarta
2002,Banjaran Wetan,13,-7.08209003,107.61115038,Asia/Jakarta
2003,Banjaran,13,-7.0472031,107.58867204,Asia/Jakarta
2005,Ciapus,13,-7.06717798,107.59184553,Asia/Jakarta
2006,Sindangpanon,13,-7.0631828,107.58161535,Asia/Jakarta
2007,Kiangroke,13,-7.05048433,107.56747447,Asia/Jakarta
2008,Tarajusari,13,-7.03692111,107.58439799,Asia/Jakarta
2012,Mekarjaya,13,-7.09038718,107.60149403,Asia/Jakarta
2013,Margahurip,13,-7.06117141,107.56192257,Asia/Jakarta
2016,Neglasari,13,-7.0635339,107.57231728,Asia/Jakarta
2018,Pasirmulya,13,-7.10043547,107.60076018,Asia/Jakarta
2001,Sukasari,14,-7.02294163,107.59155593,Asia/Jakarta
2002,Bojongmanggu,14,-7.02822862,107.60263998,Asia/Jakarta
2003,Rancatungku,14,-7.0227507,107.57871643,Asia/Jakarta
2004,Bojongkunci,14,-7.0189996,107.56805176,Asia/Jakarta
2005,Rancamulya,14,-7.00921755,107.59240721,Asia/Jakarta
2006,Langonsari,14,-7.02048241,107.60764122,Asia/Jakarta
2005,Baros,16,-7.06577226,107.63017401,Asia/Jakarta
2006,Mangunjaya,16,-7.08172167,107.61951841,Asia/Jakarta
2007,Mekarjaya,16,-7.0830359,107.63094962,Asia/Jakarta
2008,Pinggirsari,16,-7.08162532,107.65182237,Asia/Jakarta
2009,Patrolsari,16,-7.05598062,107.66980583,Asia/Jakarta
2010,Rancakole,16,-7.07127149,107.67780678,Asia/Jakarta
2011,Wargaluyu,16,-7.03553934,107.6235619,Asia/Jakarta
2001,Arjasari,16,-7.06090343,107.64205124,Asia/Jakarta
2002,Lebakwangi,16,-7.04234392,107.60859879,Asia/Jakarta
2003,Batukarut,16,-7.04630154,107.60064001,Asia/Jakarta
2004,Ancolmekar,16,-7.0907215,107.66796856,Asia/Jakarta
2001,Cimaung,17,-7.09186061,107.56359038,Asia/Jakarta
2002,Jagabaya,17,-7.07733516,107.56349522,Asia/Jakarta
2003,Pasirhuni,17,-7.09109184,107.57671875,Asia/Jakarta
2004,Campakamulya,17,-7.1173652,107.6063,Asia/Jakarta
2005,Cipinang,17,-7.10193648,107.56038893,Asia/Jakarta
2006,Mekarsari,17,-7.12505987,107.59289632,Asia/Jakarta
2007,Sukamaju,17,-7.10767282,107.53292198,Asia/Jakarta
2008,Cikalong,17,-7.11946337,107.55776308,Asia/Jakarta
2009,Malasari,17,-7.08752866,107.53895713,Asia/Jakarta
2010,Warjabakti,17,-7.1384638,107.58961179,Asia/Jakarta
2001,Cicalengka Kulon,25,-6.98676713,107.83956612,Asia/Jakarta
2002,Cicalengka Wetan,25,-6.99136016,107.84702401,Asia/Jakarta
2003,Babakan Peuteuy,25,-6.98641551,107.85926817,Asia/Jakarta
2004,Cikuya,25,-6.98285383,107.82338254,Asia/Jakarta
2005,Dampit,25,-6.97504058,107.8627895,Asia/Jakarta
2006,Margaasih,25,-7.01029483,107.84628424,Asia/Jakarta
2007,Narawita,25,-7.02272578,107.85251873,Asia/Jakarta
2008,Panenjoan,25,-6.97374864,107.823357,Asia/Jakarta
2009,Tanjungwangi,25,-6.96733416,107.89329336,Asia/Jakarta
2010,Tenjolaya,25,-6.97754721,107.84047632,Asia/Jakarta
2011,Waluya,25,-6.99510033,107.83900036,Asia/Jakarta
2012,Nagrog,25,-6.99906287,107.86834923,Asia/Jakarta
2001,Nagreg,26,-7.02525122,107.88671509,Asia/Jakarta
2002,Bojong,26,-7.03970571,107.87521947,Asia/Jakarta
2003,Ciaro,26,-7.04344639,107.92248164,Asia/Jakarta
2004,Ciherang,26,-7.03845471,107.90077954,Asia/Jakarta
2005,Citaman,26,-7.00469104,107.88430679,Asia/Jakarta
2006,Mandalawangi,26,-7.03367325,107.86069674,Asia/Jakarta
2007,Nagreg Kendan,26,-7.00349099,107.89787037,Asia/Jakarta
2008,Ganjar Sabar,26,-7.01723192,107.87488944,Asia/Jakarta
2001,Mandalasari,27,-7.03425292,107.84036462,Asia/Jakarta
2002,Cikancung,27,-7.02810359,107.83101524,Asia/Jakarta
2003,Cikasungka,27,-7.0047575,107.81884075,Asia/Jakarta
2004,Cihanyir,27,-7.02663163,107.81919391,Asia/Jakarta
2005,Ciluluk,27,-7.03420665,107.81320444,Asia/Jakarta
2006,Hegarmanah,27,-7.00214318,107.83181981,Asia/Jakarta
2007,Mekarlaksana,27,-7.05393511,107.83339478,Asia/Jakarta
2008,Tanjunglaya,27,-6.99853195,107.81047223,Asia/Jakarta
2009,Srirahayu,27,-7.04567301,107.81289927,Asia/Jakarta
2011,Tegal Sumedang,28,-6.97712075,107.72262419,Asia/Jakarta
2012,Sangiang,28,-7.00144985,107.79280037,Asia/Jakarta
2013,Nanjung Mekar,28,-6.97050482,107.81370294,Asia/Jakarta
1014,Rancaekek Kencana,28,-6.97350617,107.75728536,Asia/Jakarta
2001,Ciparay,29,-7.0253714,107.72006894,Asia/Jakarta
2002,Gunungleutik,29,-7.03683938,107.70400456,Asia/Jakarta
2003,Mekarsari,29,-7.03192791,107.73571767,Asia/Jakarta
2004,Cikoneng,29,-7.07681214,107.70823523,Asia/Jakarta
2005,Ciheulang,29,-7.02597676,107.68418251,Asia/Jakarta
2006,Pakutandang,29,-7.04813998,107.70921799,Asia/Jakarta
2007,Sumbersari,29,-7.0024573,107.70373638,Asia/Jakarta
2008,Manggungharja,29,-7.04258253,107.71962696,Asia/Jakarta
2009,Sagaracipta,29,-7.06685944,107.71384954,Asia/Jakarta
2010,Sarimahi,29,-7.0207338,107.70669596,Asia/Jakarta
2011,Serangmekar,29,-7.0205276,107.69816806,Asia/Jakarta
2012,Babakan,29,-7.10123823,107.6680003,Asia/Jakarta
2013,Bumiwangi,29,-7.0393429,107.6942699,Asia/Jakarta
2014,Mekarlaksana,29,-7.06467905,107.69547434,Asia/Jakarta
2001,Cipeujeuh,30,-7.09239789,107.71095826,Asia/Jakarta
2002,Cikitu,30,-7.13831853,107.69243852,Asia/Jakarta
2003,Cinanggela,30,-7.13295961,107.66115193,Asia/Jakarta
2004,Maruyung,30,-7.10809111,107.70346139,Asia/Jakarta
2005,Sukarame,30,-7.15685895,107.71994066,Asia/Jakarta
2006,Nagrak,30,-7.11556168,107.72790545,Asia/Jakarta
2007,Cikawao,30,-7.12578007,107.73858181,Asia/Jakarta
2008,Mekarjaya,30,-7.11662124,107.67172092,Asia/Jakarta
2009,Pangauban,30,-7.14043174,107.67040612,Asia/Jakarta
2010,Mandalahaji,30,-7.1131684,107.71497554,Asia/Jakarta
2011,Girimulya,30,-7.16224325,107.66761641,Asia/Jakarta
2012,Tanjungwangi,30,-7.08541305,107.72116275,Asia/Jakarta
2013,Mekarsari,30,-7.09789659,107.69006456,Asia/Jakarta
2001,Sukapura,31,-7.16784312,107.69092167,Asia/Jakarta
2002,Cibeureum,31,-7.18755902,107.66809577,Asia/Jakarta
2003,Santosa,31,-7.27072812,107.63833807,Asia/Jakarta
2004,Tarumajaya,31,-7.23061188,107.66496481,Asia/Jakarta
2005,Neglawangi,31,-7.27368028,107.69498958,Asia/Jakarta
2006,Cihawuk,31,-7.19492919,107.70794676,Asia/Jakarta
2007,Cikembang,31,-7.21319243,107.68908218,Asia/Jakarta
2008,Resmi Tingal,31,-7.15237462,107.69525208,Asia/Jakarta
1001,Baleendah,32,-7.01021533,107.62696275,Asia/Jakarta
1002,Andir,32,-6.99684638,107.61582745,Asia/Jakarta
1003,Manggahang,32,-7.01956732,107.64562044,Asia/Jakarta
1004,Jelekong,32,-7.02547287,107.66078972,Asia/Jakarta
2005,Bojongmalaka,32,-6.99298077,107.60820797,Asia/Jakarta
2006,Rancamanyar,32,-6.99041888,107.59487042,Asia/Jakarta
2007,Malakasari,32,-7.00984812,107.60485985,Asia/Jakarta
1008,Wargamekar,32,-7.02208195,107.67497221,Asia/Jakarta
2002,Solokanjeruk,34,-7.00847117,107.7443461,Asia/Jakarta
2003,Cibodas,34,-7.01143946,107.76271639,Asia/Jakarta
2004,Panyadap,34,-7.02594016,107.77271238,Asia/Jakarta
2005,Bojongemas,34,-6.9981638,107.72224919,Asia/Jakarta
2006,Padamukti,34,-7.01183854,107.77194748,Asia/Jakarta
2007,Langensari,34,-7.00817276,107.75491044,Asia/Jakarta
2001,Cigentur,35,-7.01910697,107.79470751,Asia/Jakarta
2002,Cipedes,35,-7.03169522,107.79377033,Asia/Jakarta
2003,Loa,35,-7.10085873,107.79734747,Asia/Jakarta
2004,Cijagra,35,-7.04029502,107.78812565,Asia/Jakarta
2005,Cipaku,35,-7.0593552,107.78294342,Asia/Jakarta
2006,Sindangsari,35,-7.07355909,107.77675702,Asia/Jakarta
2007,Drawati,35,-7.07892898,107.81100305,Asia/Jakarta
2008,Sukamanah,35,-7.04460732,107.77019016,Asia/Jakarta
2009,Sukamantri,35,-7.05584598,107.76939063,Asia/Jakarta
2010,Karangtunggal,35,-7.05995166,107.81229131,Asia/Jakarta
2011,Mekarpawitan,35,-7.0467366,107.783919,Asia/Jakarta
2012,Tangsimekar,35,-7.0278628,107.78775427,Asia/Jakarta
2001,Ibun,36,-7.12995916,107.77165569,Asia/Jakarta
2002,Laksana,36,-7.13302671,107.78469064,Asia/Jakarta
2003,Dukuh,36,-7.13059792,107.75890205,Asia/Jakarta
2004,Talun,36,-7.0657251,107.76567655,Asia/Jakarta
2005,Pangguh,36,-7.09734316,107.74860314,Asia/Jakarta
2006,Lampegan,36,-7.07022144,107.75870434,Asia/Jakarta
2007,Neglasari,36,-7.13115231,107.74785837,Asia/Jakarta
2008,Mekarwangi,36,-7.11241235,107.78765282,Asia/Jakarta
2009,Sudi,36,-7.08018413,107.76878177,Asia/Jakarta
2010,Tanggulun,36,-7.05541276,107.76210284,Asia/Jakarta
2011,Cibeet,36,-7.08589446,107.76099307,Asia/Jakarta
2012,Karyalaksana,36,-7.07798199,107.75267598,Asia/Jakarta
2001,Soreang,37,-7.03383244,107.52945138,Asia/Jakarta
2002,Sadu,37,-7.03429249,107.50522158,Asia/Jakarta
2004,Panyirapan,37,-7.04117495,107.52427432,Asia/Jakarta
2010,Sukajadi,37,-7.06473873,107.50347529,Asia/Jakarta
2011,Pamekaran,37,-7.02364009,107.52590121,Asia/Jakarta
2017,Karamatmulya,37,-7.03954402,107.51085696,Asia/Jakarta
2018,Sukanagara,37,-7.05804157,107.5147838,Asia/Jakarta
2019,Cingcin,37,-7.02614076,107.54031224,Asia/Jakarta
2020,Parungserab,37,-7.01170934,107.53179189,Asia/Jakarta
2021,Sekarwangi,37,-7.01493046,107.54009581,Asia/Jakarta
2001,Pasirjambu,38,-7.09062146,107.47740046,Asia/Jakarta
2002,Cibodas,38,-7.100982,107.50320837,Asia/Jakarta
2003,Cikoneng,38,-7.06508648,107.48446955,Asia/Jakarta
2004,Cukanggenteng,38,-7.08109779,107.49634539,Asia/Jakarta
2005,Cisondari,38,-7.12452105,107.48723332,Asia/Jakarta
2006,Margamulya,38,-7.12134718,107.45733624,Asia/Jakarta
2007,Mekarsari,38,-7.1493059,107.50051058,Asia/Jakarta
2008,Mekarmaju,38,-7.08686428,107.46700648,Asia/Jakarta
2009,Sugihmukti,38,-7.19959704,107.42556412,Asia/Jakarta
2010,Tenjolaya,38,-7.19367636,107.47523587,Asia/Jakarta
2001,Lebakmuncang,39,-7.10263221,107.41540587,Asia/Jakarta
2002,Ciwidey,39,-7.10243318,107.4543652,Asia/Jakarta
2003,Nengkelan,39,-7.06771265,107.45271868,Asia/Jakarta
2004,Panundaan,39,-7.10988394,107.43890985,Asia/Jakarta
2005,Panyocokan,39,-7.09304979,107.45651378,Asia/Jakarta
2006,Rawabogo,39,-7.06597226,107.43488815,Asia/Jakarta
2007,Sukawening,39,-7.06586136,107.46653874,Asia/Jakarta
2001,Patengan,40,-7.14427161,107.37410348,Asia/Jakarta
2002,Sukaresmi,40,-7.19534634,107.35517835,Asia/Jakarta
2003,Indragiri,40,-7.12521812,107.33907173,Asia/Jakarta
2004,Cipelah,40,-7.18416984,107.29121981,Asia/Jakarta
2005,Alamendah,40,-7.13965288,107.41481266,Asia/Jakarta
2001,Cangkuang,44,-7.03960218,107.55681717,Asia/Jakarta
2002,Ciluncat,44,-7.04482462,107.54752668,Asia/Jakarta
2003,Nagrak,44,-7.05922412,107.54619537,Asia/Jakarta
2004,Bandasari,44,-7.06807113,107.52805571,Asia/Jakarta
2005,Pananjung,44,-7.05473927,107.52782166,Asia/Jakarta
2006,Jatisari,44,-7.07567983,107.53750439,Asia/Jakarta
2007,Tanjungsari,44,-7.03777942,107.56907295,Asia/Jakarta
2001,Jelegong,46,-6.95566789,107.52723276,Asia/Jakarta
2002,Jatisari,46,-6.97622377,107.52029481,Asia/Jakarta
2003,Pameuntasan,46,-6.98147428,107.54471418,Asia/Jakarta
2004,Kopo,46,-6.99764627,107.53393085,Asia/Jakarta
2005,Cibodas,46,-6.98682393,107.50719792,Asia/Jakarta
2006,Kutawaringin,46,-6.9992174,107.50660407,Asia/Jakarta
2007,Sukamulya,46,-7.0092136,107.48906898,Asia/Jakarta
2008,Padasuka,46,-7.0136726,107.51802768,Asia/Jakarta
2009,Buninagara,46,-7.02233644,107.4978959,Asia/Jakarta
2010,Gajah Mekar,46,-6.97557351,107.53439814,Asia/Jakarta
2011,Cilame,46,-7.04092416,107.48670132,Asia/Jakarta
2001,Cileunyi Kulon,05,-6.94422496,107.73996053,Asia/Jakarta
2002,Cileunyi Wetan,05,-6.9326661,107.74947437,Asia/Jakarta
2003,Cimekar,05,-6.93615072,107.73807406,Asia/Jakarta
2004,Cinunuk,05,-6.93195197,107.73288572,Asia/Jakarta
2005,Cibiru Hilir,05,-6.95528206,107.71605576,Asia/Jakarta
2006,Cibiru Wetan,05,-6.90834947,107.73725613,Asia/Jakarta
2011,Pulosari,15,-7.17444305,107.54446013,Asia/Jakarta
2012,Wanasuka,15,-7.26508242,107.60895594,Asia/Jakarta
2013,Margamekar,15,-7.2019008,107.57157208,Asia/Jakarta
2001,Pangalengan,15,-7.17620106,107.58609273,Asia/Jakarta
2002,Margaluyu,15,-7.22850371,107.55561475,Asia/Jakarta
2003,Warnasari,15,-7.19078477,107.51610748,Asia/Jakarta
2004,Sukamanah,15,-7.20392288,107.60437097,Asia/Jakarta
2005,Lamajang,15,-7.13338659,107.53957946,Asia/Jakarta
2006,Margamukti,15,-7.18196415,107.62050714,Asia/Jakarta
2007,Margamulya,15,-7.15956069,107.59032038,Asia/Jakarta
2008,Banjarsari,15,-7.23059087,107.59275107,Asia/Jakarta
2009,Sukaluyu,15,-7.23315564,107.52169707,Asia/Jakarta
2010,Tribaktimulya,15,-7.14390111,107.56400986,Asia/Jakarta
2005,Jelegong,28,-6.97348149,107.77210598,Asia/Jakarta
2006,Linggar,28,-6.97298839,107.78286807,Asia/Jakarta
2007,Cangkuang,28,-6.97606185,107.79771663,Asia/Jakarta
2008,Haurpugur,28,-6.99306734,107.78820506,Asia/Jakarta
2009,Sukamanah,28,-6.98841322,107.73167883,Asia/Jakarta
2010,Sukamulya,28,-6.98470864,107.78077905,Asia/Jakarta
2001,Rancaekek Wetan,28,-6.96786299,107.75497295,Asia/Jakarta
2002,Rancaekek Kulon,28,-6.97101997,107.74299952,Asia/Jakarta
2003,Bojongsalam,28,-6.98875933,107.80968004,Asia/Jakarta
2004,Bojongloa,28,-6.97689617,107.76078165,Asia/Jakarta
2001,Majalaya,33,-7.04496608,107.75941252,Asia/Jakarta
2002,Wangisagara,33,-7.07506157,107.74171742,Asia/Jakarta
2003,Biru,33,-7.05286221,107.72566702,Asia/Jakarta
2004,Padamulya,33,-7.05602284,107.74831061,Asia/Jakarta
2005,Bojong,33,-7.03909429,107.77531895,Asia/Jakarta
2006,Majasetra,33,-7.03391723,107.75575869,Asia/Jakarta
2007,Majakerta,33,-7.04155431,107.76419922,Asia/Jakarta
2008,Sukamaju,33,-7.04942958,107.75331179,Asia/Jakarta
2009,Padaulun,33,-7.05424144,107.73542881,Asia/Jakarta
2010,Neglasari,33,-7.0757765,107.73079613,Asia/Jakarta
2011,Sukamukti,33,-7.05955563,107.74291847,Asia/Jakarta
2001,Rancakasumba,34,-7.01866707,107.73510896,Asia/Jakarta
2001,Sagara Makmur,01,-6.10806367,106.97981409,Asia/Jakarta
2002,Segarajaya,01,-6.09971159,107.00896757,Asia/Jakarta
2003,Pusaka Rakyat,01,-6.15527092,106.97930383,Asia/Jakarta
2004,Pahlawan Setia,01,-6.13371843,107.00586686,Asia/Jakarta
2005,Setia Mulya,01,-6.13698726,106.98670167,Asia/Jakarta
2006,Samudra Jaya,01,-6.10092595,107.02242559,Asia/Jakarta
2008,Pantai Makmur,01,-6.10069408,106.99369031,Asia/Jakarta
2001,Bunibakti,02,-6.10744771,107.03523755,Asia/Jakarta
2002,Muarabakti,02,-6.11057301,107.05375971,Asia/Jakarta
2003,Kedung Pengawas,02,-6.13778123,107.04354422,Asia/Jakarta
2004,Hurip Jaya,02,-6.06866226,107.02303136,Asia/Jakarta
2005,Pantaihurip,02,-6.07110175,107.05328659,Asia/Jakarta
1006,Bahagia,02,-6.18378019,107.01900944,Asia/Jakarta
1007,Kebalen,02,-6.1871626,107.03690826,Asia/Jakarta
2008,Babelankota,02,-6.16332435,107.02701974,Asia/Jakarta
2009,Kedungjaya,02,-6.14346382,107.02545696,Asia/Jakarta
2001,Sukaringin,03,-6.09059455,107.08387629,Asia/Jakarta
2002,Sukabudi,03,-6.13377983,107.11157594,Asia/Jakarta
2003,Sukadaya,03,-6.14142807,107.09717555,Asia/Jakarta
2004,Sukawangi,03,-6.12902002,107.12919538,Asia/Jakarta
2005,Sukakerta,03,-6.10700938,107.11809331,Asia/Jakarta
2006,Sukatenang,03,-6.10391383,107.07053298,Asia/Jakarta
2007,Sukamekar,03,-6.14424095,107.06756762,Asia/Jakarta
2001,Sukawijaya,04,-6.15159832,107.14617626,Asia/Jakarta
2002,Sukamaju,04,-6.1743434,107.10338424,Asia/Jakarta
2003,Sukaraja,04,-6.20276376,107.11886916,Asia/Jakarta
2004,Sukarapih,04,-6.18615729,107.12116845,Asia/Jakarta
2005,Sukarahayu,04,-6.17055523,107.12475231,Asia/Jakarta
2006,Sukamantri,04,-6.14246151,107.14813842,Asia/Jakarta
2007,Sukabakti,04,-6.15839843,107.13367688,Asia/Jakarta
2001,Satriajaya,05,-6.21118778,107.05173036,Asia/Jakarta
2002,Jejalenjaya,05,-6.21428891,107.06905141,Asia/Jakarta
2003,Satriamekar,05,-6.19929981,107.05401811,Asia/Jakarta
2004,Sriamur,05,-6.17678949,107.0515155,Asia/Jakarta
2005,Srimukti,05,-6.17550926,107.06180061,Asia/Jakarta
2006,Srijaya,05,-6.17838776,107.07009129,Asia/Jakarta
2007,Srimahi,05,-6.17648056,107.08195463,Asia/Jakarta
2008,Karangsatria,05,-6.22225637,107.04203189,Asia/Jakarta
1001,Jatimulya,06,-6.26712179,107.0290998,Asia/Jakarta
2002,Lambangsari,06,-6.28198177,107.04071062,Asia/Jakarta
2003,Lambangjaya,06,-6.29037581,107.05204435,Asia/Jakarta
2004,Tambun,06,-6.26839273,107.06442259,Asia/Jakarta
2005,Setiadarma,06,-6.267178,107.0504632,Asia/Jakarta
2006,Setiamekar,06,-6.2486259,107.04437271,Asia/Jakarta
2007,Mekarsari,06,-6.25715508,107.06387208,Asia/Jakarta
2008,Tridaya Sakti,06,-6.24856238,107.07334897,Asia/Jakarta
2009,Mangunjaya,06,-6.23670292,107.05819205,Asia/Jakarta
2010,Sumberjaya,06,-6.22583836,107.07715095,Asia/Jakarta
1001,Wanasari,07,-6.2469797,107.08826315,Asia/Jakarta
2002,Wanajaya,07,-6.2458125,107.10768059,Asia/Jakarta
2003,Kertamukti,07,-6.221651,107.11510678,Asia/Jakarta
2004,Muktiwari,07,-6.21438834,107.09645546,Asia/Jakarta
2005,Sarimukti,07,-6.19418227,107.09377533,Asia/Jakarta
2006,Sukajaya,07,-6.23609618,107.13611166,Asia/Jakarta
2007,Cibuntu,07,-6.28699572,107.06773788,Asia/Jakarta
2001,Telagamurni,08,-6.2588515,107.11733398,Asia/Jakarta
2002,Mekarwangi,08,-6.31281844,107.07455161,Asia/Jakarta
2003,Jatiwangi,08,-6.31842089,107.09692329,Asia/Jakarta
2004,Danau Indah,08,-6.30308011,107.10579828,Asia/Jakarta
2005,Gandamekar,08,-6.29649889,107.08605717,Asia/Jakarta
2006,Gandasari,08,-6.28402592,107.08083922,Asia/Jakarta
2007,Sukadanau,08,-6.28325035,107.10757634,Asia/Jakarta
1008,Telaga Asih,08,-6.26619701,107.09747813,Asia/Jakarta
2009,Kalijaya,08,-6.25908417,107.13246438,Asia/Jakarta
2010,Telajung,08,-6.33080687,107.06037612,Asia/Jakarta
2011,Cikedokan,08,-6.33497664,107.08269291,Asia/Jakarta
2001,Cikarangkota,09,-6.26192772,107.15156496,Asia/Jakarta
2002,Karangbaru,09,-6.2655237,107.1423667,Asia/Jakarta
2003,Karangasih,09,-6.25175041,107.154774,Asia/Jakarta
2004,Waluya,09,-6.25919722,107.18934103,Asia/Jakarta
2005,Karangraharja,09,-6.25367466,107.17718466,Asia/Jakarta
2006,Pasirgombong,09,-6.28102052,107.1506279,Asia/Jakarta
2007,Simpangan,09,-6.27755215,107.17425383,Asia/Jakarta
2008,Tanjungsari,09,-6.26611575,107.16524111,Asia/Jakarta
2009,Harjamekar,09,-6.27959186,107.13147605,Asia/Jakarta
2010,Mekarmukti,09,-6.29367319,107.16131737,Asia/Jakarta
2011,Wangunharja,09,-6.29844006,107.12855202,Asia/Jakarta
2001,Sukaraya,10,-6.23253011,107.16741151,Asia/Jakarta
2002,Karangrahayu,10,-6.23482407,107.18802341,Asia/Jakarta
2003,Karangsetia,10,-6.21971018,107.18315151,Asia/Jakarta
2004,Karanganyar,10,-6.20897788,107.18988742,Asia/Jakarta
2005,Karangbahagia,10,-6.19665097,107.1988983,Asia/Jakarta
2006,Karangsentosa,10,-6.18729318,107.18294604,Asia/Jakarta
2007,Karangsatu,10,-6.22119186,107.21365338,Asia/Jakarta
2008,Karangmukti,10,-6.21823345,107.23107499,Asia/Jakarta
2001,Tanjungbaru,11,-6.27607919,107.22362294,Asia/Jakarta
2002,Cipayung,11,-6.30338813,107.2231774,Asia/Jakarta
2003,Hegarmanah,11,-6.31551768,107.20074311,Asia/Jakarta
2004,Jatireja,11,-6.28998455,107.19357373,Asia/Jakarta
2005,Jatibaru,11,-6.28141025,107.20569169,Asia/Jakarta
2006,Labansari,11,-6.28540615,107.24973836,Asia/Jakarta
1007,Sertajaya,11,-6.3059801,107.18113338,Asia/Jakarta
2008,Karangsari,11,-6.2542626,107.20501777,Asia/Jakarta
2001,Karangsambung,12,-6.25827418,107.22544618,Asia/Jakarta
2002,Waringinjaya,12,-6.25962839,107.24706258,Asia/Jakarta
2003,Karangmekar,12,-6.24025673,107.26203421,Asia/Jakarta
2004,Mekarjaya,12,-6.23515982,107.24736912,Asia/Jakarta
2005,Karangharum,12,-6.24190934,107.2312743,Asia/Jakarta
2006,Bojongsari,12,-6.27483016,107.24973842,Asia/Jakarta
2007,Kedungwaringin,12,-6.25930279,107.26847816,Asia/Jakarta
2001,Karangharja,13,-6.10857919,107.21315631,Asia/Jakarta
2002,Karangsegar,13,-6.12851889,107.23083809,Asia/Jakarta
2003,Sumberurip,13,-6.1220681,107.25941923,Asia/Jakarta
2004,Sumbereja,13,-6.13932847,107.26566,Asia/Jakarta
2005,Karangreja,13,-6.15612147,107.22798476,Asia/Jakarta
2006,Karangjaya,13,-6.15584978,107.24785911,Asia/Jakarta
2007,Sumbersari,13,-6.15614733,107.27297771,Asia/Jakarta
2008,Karangpatri,13,-6.18368407,107.24521377,Asia/Jakarta
2009,Karanghaur,13,-6.17477725,107.27047241,Asia/Jakarta
2010,Kertajaya,13,-6.18941297,107.28067982,Asia/Jakarta
1011,Kertasari,13,-6.20517068,107.28068452,Asia/Jakarta
2012,Bantarsari,13,-6.20477267,107.24683621,Asia/Jakarta
2013,Bantarjaya,13,-6.21752101,107.2673479,Asia/Jakarta
2001,Sukamurni,14,-6.1247788,107.14763048,Asia/Jakarta
2002,Sukaindah,14,-6.11793751,107.16013625,Asia/Jakarta
2003,Sukakarya,14,-6.13509145,107.17843111,Asia/Jakarta
2004,Sukalaksana,14,-6.15577516,107.20822665,Asia/Jakarta
2005,Sukajadi,14,-6.17092981,107.1975643,Asia/Jakarta
2006,Sukakarsa,14,-6.12620313,107.19429364,Asia/Jakarta
2007,Sukamakmur,14,-6.18494306,107.2187421,Asia/Jakarta
2007,Lenggahjaya,16,-6.0794901,107.15359327,Asia/Jakarta
2008,Lenggahsari,16,-6.0493552,107.10823583,Asia/Jakarta
2001,Pantai Mekar,17,-6.00602055,107.04219911,Asia/Jakarta
2002,Pantai Bahagia,17,-5.95184186,107.02420776,Asia/Jakarta
2003,Pantai Bakti,17,-5.96394642,107.07460241,Asia/Jakarta
2004,Pantai Harapanjaya,17,-6.04727886,107.04801267,Asia/Jakarta
2005,Pantai Sederhana,17,-5.99533633,107.01777712,Asia/Jakarta
2006,Jayasakti,17,-6.0210789,107.07912357,Asia/Jakarta
2001,Cijengkol,18,-6.32070633,107.0411098,Asia/Jakarta
2002,Lubangbuaya,18,-6.32050223,107.05103555,Asia/Jakarta
2003,Burangkeng,18,-6.34151108,107.02537071,Asia/Jakarta
2004,Ciledug,18,-6.35081789,107.04304044,Asia/Jakarta
2005,Cibening,18,-6.35305585,107.06305526,Asia/Jakarta
2006,Taman Sari,18,-6.36438761,107.02735445,Asia/Jakarta
2007,Taman Rahayu,18,-6.36721635,107.0026165,Asia/Jakarta
2008,Cikarageman,18,-6.37747584,107.03087586,Asia/Jakarta
2009,Ragemanunggal,18,-6.39153969,107.01788603,Asia/Jakarta
2010,Muktijaya,18,-6.39717344,107.03876056,Asia/Jakarta
2011,Kertarahayu,18,-6.38048611,107.05903459,Asia/Jakarta
2001,Cibatu,19,-6.33781206,107.15414205,Asia/Jakarta
2002,Sukasejati,19,-6.35154541,107.08444875,Asia/Jakarta
2003,Ciantra,19,-6.34786135,107.10246084,Asia/Jakarta
2004,Sukadami,19,-6.36150513,107.1119329,Asia/Jakarta
2005,Sukaresmi,19,-6.32452038,107.12116153,Asia/Jakarta
2006,Serang,19,-6.35206643,107.12924059,Asia/Jakarta
2007,Pasirsari,19,-6.31139807,107.14812941,Asia/Jakarta
2001,Cicau,20,-6.3679223,107.15032379,Asia/Jakarta
2002,Sukamahi,20,-6.37591639,107.18053762,Asia/Jakarta
2003,Pasiranji,20,-6.37400891,107.2025067,Asia/Jakarta
2004,Hegarmukti,20,-6.34016985,107.18896684,Asia/Jakarta
2005,Jayamukti,20,-6.33071066,107.17290736,Asia/Jakarta
2006,Pasirtanjung,20,-6.33967019,107.21210798,Asia/Jakarta
2001,Sukaragam,21,-6.39350754,107.10784917,Asia/Jakarta
2002,Sirnajaya,21,-6.40531025,107.12467098,Asia/Jakarta
2003,Sukasari,21,-6.38086881,107.10528981,Asia/Jakarta
2004,Jayamulya,21,-6.4104411,107.06955869,Asia/Jakarta
2005,Nagacipta,21,-6.41675332,107.13624185,Asia/Jakarta
2006,Nagasari,21,-6.39928449,107.16041458,Asia/Jakarta
2007,Cilangkara,21,-6.38708282,107.13781134,Asia/Jakarta
2008,Jayasampurna,21,-6.38054975,107.07995753,Asia/Jakarta
2001,Sirnajati,22,-6.44651277,107.10170859,Asia/Jakarta
2002,Ridogalih,22,-6.44504914,107.13247011,Asia/Jakarta
2003,Ridomanah,22,-6.4337868,107.14111134,Asia/Jakarta
2004,Wibawamulya,22,-6.41801668,107.10748076,Asia/Jakarta
2005,Cibarusah Kota,22,-6.43433412,107.08103511,Asia/Jakarta
2006,Cibarusah Jaya,22,-6.42927261,107.06723367,Asia/Jakarta
2007,Sindangmulya,22,-6.41758508,107.09024466,Asia/Jakarta
2001,Sukamulya,15,-6.16125884,107.17184881,Asia/Jakarta
2002,Sukamanah,15,-6.19186285,107.16840514,Asia/Jakarta
2003,Sukahurip,15,-6.18961095,107.15501721,Asia/Jakarta
2004,Sukaasih,15,-6.21833768,107.13965894,Asia/Jakarta
2005,Sukarukun,15,-6.22929674,107.15569761,Asia/Jakarta
2006,Banjarsari,15,-6.19010303,107.13968028,Asia/Jakarta
2007,Sukadarma,15,-6.16000242,107.18478683,Asia/Jakarta
2001,Jayabakti,16,-6.07983098,107.1025844,Asia/Jakarta
2002,Jayalaksana,16,-6.09850897,107.18284435,Asia/Jakarta
2003,Sindangsari,16,-6.09843049,107.15692106,Asia/Jakarta
2004,Sindangjaya,16,-6.08738354,107.12758128,Asia/Jakarta
2005,Setialaksana,16,-6.08727367,107.17063119,Asia/Jakarta
2006,Setiajaya,16,-6.06865163,107.12770054,Asia/Jakarta
2001,Karangmulya,23,-6.46393236,107.17706975,Asia/Jakarta
2002,Karangindah,23,-6.46248298,107.14358663,Asia/Jakarta
2003,Bojongmangu,23,-6.44170093,107.19228512,Asia/Jakarta
2004,Sukabungah,23,-6.4083849,107.20495756,Asia/Jakarta
2005,Sukamukti,23,-6.409572,107.18029473,Asia/Jakarta
2006,Medalkrisna,23,-6.4296983,107.16163947,Asia/Jakarta
2001,Pagerwangi,01,-6.83793898,107.62491434,Asia/Jakarta
2002,Kayuambon,01,-6.81846414,107.63431408,Asia/Jakarta
2003,Lembang,01,-6.82074253,107.61959043,Asia/Jakarta
2004,Cikidang,01,-6.79264741,107.66256043,Asia/Jakarta
2005,Cikahuripan,01,-6.79257452,107.60911925,Asia/Jakarta
2006,Cikole,01,-6.78901204,107.64409679,Asia/Jakarta
2007,Gudangkahuripan,01,-6.83007701,107.60504526,Asia/Jakarta
2008,Jayagiri,01,-6.78938618,107.62231389,Asia/Jakarta
2009,Cibodas,01,-6.82389116,107.67606669,Asia/Jakarta
2010,Langensari,01,-6.82641175,107.64472695,Asia/Jakarta
2011,Mekarwangi,01,-6.8455109,107.6381637,Asia/Jakarta
2012,Cibogo,01,-6.80800931,107.63829259,Asia/Jakarta
2013,Sukajaya,01,-6.79061979,107.59979537,Asia/Jakarta
2014,Suntenjaya,01,-6.81625812,107.71002892,Asia/Jakarta
2015,Wangunharja,01,-6.80914585,107.67173427,Asia/Jakarta
2016,Wangunsari,01,-6.8425698,107.60979635,Asia/Jakarta
2001,Karyawangi,02,-6.76696792,107.58821089,Asia/Jakarta
2002,Cihanjuang,02,-6.85000265,107.56877061,Asia/Jakarta
2003,Cihanjuangrahayu,02,-6.81789084,107.57479022,Asia/Jakarta
2004,Cihideung,02,-6.81782153,107.59246288,Asia/Jakarta
2005,Ciwaruga,02,-6.85992565,107.57931282,Asia/Jakarta
2006,Cigugurgirang,02,-6.83132313,107.58554812,Asia/Jakarta
2007,Sariwangi,02,-6.86140195,107.57095976,Asia/Jakarta
2001,Jambudipa,03,-6.82079073,107.55661213,Asia/Jakarta
2002,Padaasih,03,-6.83587284,107.56164045,Asia/Jakarta
2003,Pasirhalang,03,-6.82256927,107.53332377,Asia/Jakarta
2004,Pasirlangu,03,-6.79325478,107.53868267,Asia/Jakarta
2005,Cipada,03,-6.78390015,107.52031296,Asia/Jakarta
2006,Kertawangi,03,-6.77275792,107.57136239,Asia/Jakarta
2007,Tugumukti,03,-6.80197387,107.54751723,Asia/Jakarta
2008,Sadangmekar,03,-6.78917194,107.49494875,Asia/Jakarta
2005,Jatimekar,05,-6.75014635,107.37517829,Asia/Jakarta
2006,Margalaksana,05,-6.72973355,107.33245662,Asia/Jakarta
2007,Margaluyu,05,-6.76675312,107.30845005,Asia/Jakarta
2008,Nanggeleng,05,-6.77782346,107.35119077,Asia/Jakarta
2009,Nyenang,05,-6.7476695,107.34564849,Asia/Jakarta
2010,Sirnaraja,05,-6.78141395,107.3863165,Asia/Jakarta
2011,Sirnagalih,05,-6.71251103,107.3669301,Asia/Jakarta
2012,Sukahaji,05,-6.73143662,107.36889152,Asia/Jakarta
2001,Cipeundeuy,05,-6.73848226,107.35741026,Asia/Jakarta
2002,Ciharashas,05,-6.72498605,107.38226707,Asia/Jakarta
2003,Bojongmekar,05,-6.75461931,107.35117529,Asia/Jakarta
2004,Ciroyom,05,-6.70740535,107.34963691,Asia/Jakarta
2001,Ngamprah,06,-6.83163889,107.50673049,Asia/Jakarta
2002,Cimareme,06,-6.86851694,107.50326036,Asia/Jakarta
2003,Cilame,06,-6.84427631,107.52118664,Asia/Jakarta
2004,Tanimulya,06,-6.85944025,107.5266033,Asia/Jakarta
2005,Cimanggu,06,-6.81476177,107.51069091,Asia/Jakarta
2006,Bojongkoneng,06,-6.81471645,107.49494799,Asia/Jakarta
2007,Margajaya,06,-6.8536697,107.50239728,Asia/Jakarta
2008,Mekarsari,06,-6.84306579,107.50827146,Asia/Jakarta
2009,Gadobangkong,06,-6.86953452,107.51648188,Asia/Jakarta
2010,Sukatani,06,-6.83221241,107.49470827,Asia/Jakarta
2011,Pakuhaji,06,-6.83734761,107.5372078,Asia/Jakarta
2001,Ciptaharja,07,-6.85393065,107.37633876,Asia/Jakarta
2002,Cipatat,07,-6.83736874,107.38994592,Asia/Jakarta
2003,Citatah,07,-6.83948297,107.41523192,Asia/Jakarta
2004,Rajamandalakulon,07,-6.85323587,107.35112998,Asia/Jakarta
2005,Mandalawangi,07,-6.83590007,107.33479372,Asia/Jakarta
2006,Kertamukti,07,-6.8085805,107.37818463,Asia/Jakarta
2007,Nyalindung,07,-6.78972796,107.44239029,Asia/Jakarta
2008,Gunungmasigit,07,-6.83555168,107.43867268,Asia/Jakarta
2009,Cirawamekar,07,-6.81031395,107.42806078,Asia/Jakarta
2010,Mandalasari,07,-6.82435145,107.33384495,Asia/Jakarta
2011,Sumurbandung,07,-6.78982859,107.41738379,Asia/Jakarta
2012,Sarimukti,07,-6.80738221,107.34060238,Asia/Jakarta
2001,Kertamulya,08,-6.84350628,107.48717177,Asia/Jakarta
2002,Padalarang,08,-6.84113912,107.46498493,Asia/Jakarta
2003,Cimerang,08,-6.87859786,107.481707,Asia/Jakarta
2004,Campaka Mekar,08,-6.80149585,107.46011948,Asia/Jakarta
2005,Tagogapu,08,-6.80549665,107.48097137,Asia/Jakarta
2006,Ciburuy,08,-6.82618714,107.4668176,Asia/Jakarta
2007,Kertajaya,08,-6.85643714,107.48207294,Asia/Jakarta
2008,Cipeundeuy,08,-6.86946053,107.47745525,Asia/Jakarta
2009,Jayamekar,08,-6.85143448,107.4587809,Asia/Jakarta
2010,Laksanamekar,08,-6.88219936,107.50346105,Asia/Jakarta
2001,Batujajar Timur,09,-6.91365244,107.51020578,Asia/Jakarta
2002,Batujajar Barat,09,-6.92182751,107.4929215,Asia/Jakarta
2004,Galanggang,09,-6.91030687,107.48391098,Asia/Jakarta
2005,Cangkorah,09,-6.89435582,107.4742384,Asia/Jakarta
2007,Selacau,09,-6.9288852,107.51198794,Asia/Jakarta
2008,Pangauban,09,-6.9007269,107.45316734,Asia/Jakarta
2010,Giriasih,09,-6.89724751,107.50148144,Asia/Jakarta
2001,Cipatik,10,-6.94018157,107.50591471,Asia/Jakarta
2002,Citapen,10,-6.93756717,107.49323924,Asia/Jakarta
2003,Cihampelas,10,-6.91927441,107.46829878,Asia/Jakarta
2004,Mekarjaya,10,-6.91326038,107.44103346,Asia/Jakarta
2005,Mekarmukti,10,-6.93005631,107.46412389,Asia/Jakarta
2006,Pataruman,10,-6.94447209,107.51975174,Asia/Jakarta
2007,Situwangi,10,-6.9634974,107.5050762,Asia/Jakarta
2008,Singajaya,10,-6.95118637,107.47680357,Asia/Jakarta
2009,Tanjungwangi,10,-6.95559875,107.49062314,Asia/Jakarta
2010,Tanjungjaya,10,-6.92194095,107.42320123,Asia/Jakarta
2009,Girimukti,12,-6.98419143,107.3649005,Asia/Jakarta
2010,Karangsari,12,-6.96538937,107.34326744,Asia/Jakarta
2011,Mekarsari,12,-6.94330305,107.37052051,Asia/Jakarta
2012,Neglasari,12,-6.96182862,107.36067092,Asia/Jakarta
2013,Sirnagalih,12,-6.91235196,107.32613374,Asia/Jakarta
2014,Sukamulya,12,-6.9562569,107.3996314,Asia/Jakarta
2001,Sarinagen,12,-6.9401322,107.35513748,Asia/Jakarta
2002,Baranangsiang,12,-6.90581713,107.34513468,Asia/Jakarta
2003,Citalem,12,-6.94772451,107.38526707,Asia/Jakarta
2004,Cijenuk,12,-6.97058771,107.37786057,Asia/Jakarta
2005,Cijambu,12,-6.92962535,107.33969671,Asia/Jakarta
2006,Cibenda,12,-6.94152423,107.31867825,Asia/Jakarta
2007,Cintaasih,12,-6.95925038,107.32169306,Asia/Jakarta
2008,Cicangkanghilir,12,-6.96224596,107.41091842,Asia/Jakarta
2001,Cibedug,13,-7.00571913,107.27131258,Asia/Jakarta
2002,Bojong,13,-6.98533682,107.2661367,Asia/Jakarta
2003,Bojongsalam,13,-6.97224766,107.22864033,Asia/Jakarta
2004,Cibitung,13,-6.92815707,107.3030151,Asia/Jakarta
2005,Cicadas,13,-6.99806107,107.21324532,Asia/Jakarta
2006,Cinengah,13,-6.96729159,107.27699729,Asia/Jakarta
2007,Sukamanah,13,-6.98746898,107.29486044,Asia/Jakarta
2008,Sukaresmi,13,-6.94479605,107.2646379,Asia/Jakarta
2001,Cintakarya,14,-6.99088709,107.39904761,Asia/Jakarta
2002,Sindangkerta,14,-6.98034583,107.41306435,Asia/Jakarta
2003,Buninagara,14,-7.0299565,107.44003921,Asia/Jakarta
2004,Cikadu,14,-6.99607085,107.41619531,Asia/Jakarta
2005,Cicangkanggirang,14,-7.00786104,107.37374127,Asia/Jakarta
2006,Mekarwangi,14,-7.07163543,107.39327836,Asia/Jakarta
2007,Pasirpogor,14,-6.9777252,107.39264922,Asia/Jakarta
2008,Puncaksari,14,-6.99001791,107.389999,Asia/Jakarta
2009,Rancasenggang,14,-7.00992936,107.41048299,Asia/Jakarta
2010,Weninggalih,14,-7.03312533,107.38258823,Asia/Jakarta
2011,Wangunsari,14,-7.03633015,107.41380784,Asia/Jakarta
2001,Sirnajaya,15,-7.04485576,107.29168336,Asia/Jakarta
2002,Gununghalu,15,-7.06391317,107.3320883,Asia/Jakarta
2003,Bunijaya,15,-7.02920628,107.2654215,Asia/Jakarta
2004,Celak,15,-7.02033311,107.35478584,Asia/Jakarta
2005,Cilangari,15,-7.04469543,107.22136018,Asia/Jakarta
2006,Sindangjaya,15,-7.02655486,107.21667824,Asia/Jakarta
2007,Sukasari,15,-6.98575552,107.34339561,Asia/Jakarta
2008,Tamanjaya,15,-6.99235225,107.31979872,Asia/Jakarta
2009,Wargasaluyu,15,-7.01511984,107.33438186,Asia/Jakarta
2001,Cikande,16,-6.87589061,107.43229891,Asia/Jakarta
2002,Jati,16,-6.89817283,107.39853493,Asia/Jakarta
2003,Girimukti,16,-6.89456739,107.42271665,Asia/Jakarta
2004,Bojonghaleuang,16,-6.86785345,107.45044135,Asia/Jakarta
2005,Cipangeran,16,-6.87686623,107.39808069,Asia/Jakarta
2006,Saguling,16,-6.89792943,107.37192978,Asia/Jakarta
2001,Ciptagumati,04,-6.73809769,107.44205524,Asia/Jakarta
2002,Cikalong,04,-6.73104657,107.42220512,Asia/Jakarta
2003,Cipada,04,-6.76615271,107.50431326,Asia/Jakarta
2004,Cisomangbarat,04,-6.71711154,107.45216965,Asia/Jakarta
2005,Ganjarsari,04,-6.74857556,107.49636891,Asia/Jakarta
2006,Kanangasari,04,-6.75988662,107.40545755,Asia/Jakarta
2007,Mandalasari,04,-6.76586369,107.44048417,Asia/Jakarta
2008,Mandalamukti,04,-6.74959649,107.45456864,Asia/Jakarta
2009,Mekarjaya,04,-6.77809203,107.47121426,Asia/Jakarta
2010,Puteran,04,-6.70583437,107.39263913,Asia/Jakarta
2011,Rende,04,-6.73677019,107.40449443,Asia/Jakarta
2012,Tenjolaut,04,-6.71079223,107.42731542,Asia/Jakarta
2013,Wangunjaya,04,-6.72947141,107.46725092,Asia/Jakarta
2001,Cililin,11,-6.9469897,107.45460155,Asia/Jakarta
2002,Budiharja,11,-6.93799857,107.43416599,Asia/Jakarta
2003,Batulayang,11,-6.96606474,107.44745479,Asia/Jakarta
2004,Bongas,11,-6.95475685,107.4253443,Asia/Jakarta
2005,Karanganyar,11,-6.93052211,107.39607282,Asia/Jakarta
2006,Karangtanjung,11,-6.95643186,107.46809438,Asia/Jakarta
2007,Karyamukti,11,-7.03577112,107.46964019,Asia/Jakarta
2008,Kidangpananjung,11,-6.97987764,107.48226988,Asia/Jakarta
2009,Mukapayung,11,-6.9938259,107.45512977,Asia/Jakarta
2010,Nanggerang,11,-7.0159109,107.45520628,Asia/Jakarta
2011,Rancapanggung,11,-6.9839817,107.42890923,Asia/Jakarta
1001,Sukarasa,01,-6.87422747,107.58539617,Asia/Jakarta
1002,Gegerkalong,01,-6.86935045,107.58886501,Asia/Jakarta
1003,Isola,01,-6.85353614,107.59309735,Asia/Jakarta
1004,Sarijadi,01,-6.87580068,107.57716034,Asia/Jakarta
1001,Cipaganti,02,-6.89043196,107.60400972,Asia/Jakarta
1002,Lebak Gede,02,-6.8926448,107.61616401,Asia/Jakarta
1003,Sadang Serang,02,-6.89443295,107.62391441,Asia/Jakarta
1004,Dago,02,-6.87464506,107.61575553,Asia/Jakarta
1005,Sekeloa,02,-6.88655219,107.62088049,Asia/Jakarta
1006,Lebak Siliwangi,02,-6.89103593,107.60983187,Asia/Jakarta
1001,Babakan Ciparay,03,-6.94164679,107.57983992,Asia/Jakarta
1002,Babakan,03,-6.93436334,107.57541373,Asia/Jakarta
1003,Sukahaji,03,-6.92679993,107.5831077,Asia/Jakarta
1004,Margahayu Utara,03,-6.94828503,107.57538382,Asia/Jakarta
1005,Margasuka,03,-6.95423211,107.57548895,Asia/Jakarta
1006,Cirangrang,03,-6.95736561,107.58562441,Asia/Jakarta
1001,Kopo,04,-6.94131523,107.58742169,Asia/Jakarta
1002,Babakan Tarogong,04,-6.92729137,107.59053278,Asia/Jakarta
1003,Jamika,04,-6.92243017,107.58907911,Asia/Jakarta
1004,Babakan Asih,04,-6.93153362,107.59453714,Asia/Jakarta
1005,Suka Asih,04,-6.9337536,107.58899699,Asia/Jakarta
1001,Maleber,05,-6.90933523,107.5724252,Asia/Jakarta
1002,Dungus Cariang,05,-6.91423574,107.58070978,Asia/Jakarta
1003,Ciroyom,05,-6.91587983,107.58822692,Asia/Jakarta
1004,Kebon Jeruk,05,-6.91721588,107.59883447,Asia/Jakarta
1005,Garuda,05,-6.91187353,107.57600873,Asia/Jakarta
1006,Campaka,05,-6.89980166,107.5661417,Asia/Jakarta
1001,Husein Sastranegara,06,-6.90199821,107.57940477,Asia/Jakarta
1002,Arjuna,06,-6.91041749,107.59344533,Asia/Jakarta
1003,Pajajaran,06,-6.89918598,107.5872768,Asia/Jakarta
1004,Pasirkaliki,06,-6.90763789,107.60083509,Asia/Jakarta
1005,Pamoyanan,06,-6.90305804,107.59389563,Asia/Jakarta
1006,Sukaraja,06,-6.89248404,107.56695345,Asia/Jakarta
1001,Pasteur,07,-6.8908926,107.59947873,Asia/Jakarta
1002,Cipedes,07,-6.8859311,107.59359004,Asia/Jakarta
1003,Sukawarna,07,-6.88625191,107.57763582,Asia/Jakarta
1004,Sukagalih,07,-6.88669812,107.58642032,Asia/Jakarta
1005,Sukabungah,07,-6.89574453,107.59421178,Asia/Jakarta
1001,Hegarmanah,08,-6.87472499,107.60086899,Asia/Jakarta
1002,Ciumbuleuit,08,-6.86174224,107.61121454,Asia/Jakarta
1003,Ledeng,08,-6.85542397,107.59920477,Asia/Jakarta
1001,Cihapit,09,-6.90826996,107.62697078,Asia/Jakarta
1002,Taman Sari,09,-6.9015214,107.60725931,Asia/Jakarta
1003,Citarum,09,-6.90443956,107.61636446,Asia/Jakarta
1001,Karasak,10,-6.94889214,107.60772232,Asia/Jakarta
1002,Nyengseret,10,-6.93080399,107.60160241,Asia/Jakarta
1003,Karang Anyar,10,-6.9235282,107.60135029,Asia/Jakarta
1004,Panjunan,10,-6.92970926,107.59803277,Asia/Jakarta
1005,Cibadak,10,-6.92316118,107.59589069,Asia/Jakarta
1006,Pelindung Hewan,10,-6.93995158,107.60314936,Asia/Jakarta
1001,Cigereleng,11,-6.9408039,107.61070103,Asia/Jakarta
1002,Ancol,11,-6.94064774,107.61629406,Asia/Jakarta
1003,Pungkur,11,-6.92994518,107.60733594,Asia/Jakarta
1004,Balong Gede,11,-6.92569253,107.60781928,Asia/Jakarta
1005,Ciseureuh,11,-6.95073607,107.61288054,Asia/Jakarta
1006,Ciateul,11,-6.93446164,107.60791626,Asia/Jakarta
1007,Pasirluyu,11,-6.94867621,107.61904225,Asia/Jakarta
1001,Gumuruh,12,-6.93808466,107.63714251,Asia/Jakarta
1002,Maleer,12,-6.92666878,107.63958825,Asia/Jakarta
1003,Cibangkong,12,-6.92372388,107.63356888,Asia/Jakarta
1004,Kacapiring,12,-6.9177023,107.63401323,Asia/Jakarta
1005,Kebon Waru,12,-6.91633546,107.64120828,Asia/Jakarta
1006,Kebon Gedang,12,-6.92649752,107.64283503,Asia/Jakarta
1007,Samoja,12,-6.92155611,107.6272774,Asia/Jakarta
1008,Binong,12,-6.93808851,107.64065342,Asia/Jakarta
1001,Cijagra,13,-6.94418932,107.62534769,Asia/Jakarta
1002,Lingkar Selatan,13,-6.92931797,107.62952439,Asia/Jakarta
1003,Burangrang,13,-6.92963189,107.61819485,Asia/Jakarta
1004,Paledang,13,-6.92480003,107.61469549,Asia/Jakarta
1005,Turangga,13,-6.93857519,107.62927757,Asia/Jakarta
1006,Malabar,13,-6.92611617,107.62152671,Asia/Jakarta
1007,Cikawao,13,-6.92652895,107.61215699,Asia/Jakarta
1001,Padasuka,14,-6.90374927,107.64761153,Asia/Jakarta
1002,Cikutra,14,-6.90280219,107.63995105,Asia/Jakarta
1003,Cicadas,14,-6.90627673,107.63728004,Asia/Jakarta
1004,Sukamaju,14,-6.90858819,107.63404485,Asia/Jakarta
1005,Sukapada,14,-6.89596144,107.6467879,Asia/Jakarta
1006,Pasirlayung,14,-6.89507028,107.65643036,Asia/Jakarta
1001,Cijerah,15,-6.91888565,107.56719949,Asia/Jakarta
1002,Cibuntu,15,-6.92164182,107.57174634,Asia/Jakarta
1003,Warung Muncang,15,-6.92398358,107.57703286,Asia/Jakarta
1004,Caringin,15,-6.93112822,107.57046999,Asia/Jakarta
1005,Cigondewah Kaler,15,-6.9350995,107.56279972,Asia/Jakarta
1006,Gempol Sari,15,-6.93190199,107.55341329,Asia/Jakarta
1007,Cigondewah Rahayu,15,-6.94769996,107.56351157,Asia/Jakarta
1008,Cigondewah Kidul,15,-6.94133467,107.56292093,Asia/Jakarta
1001,Sukapura,16,-6.93482917,107.65140313,Asia/Jakarta
1002,Kebon Jayanti,16,-6.92743832,107.64679604,Asia/Jakarta
1003,Babakan Surabaya,16,-6.91413771,107.64775883,Asia/Jakarta
1004,Cicaheum,16,-6.90700155,107.65303574,Asia/Jakarta
1005,Babakan Sari,16,-6.9231404,107.65063922,Asia/Jakarta
1006,Kebon Kangkung,16,-6.93770484,107.64400852,Asia/Jakarta
1001,Situsaeur,17,-6.94019367,107.59536207,Asia/Jakarta
1002,Kebon Lega,17,-6.9470836,107.59783336,Asia/Jakarta
1003,Cibaduyut,17,-6.95326684,107.59315684,Asia/Jakarta
1004,Mekar Wangi,17,-6.95522171,107.60450775,Asia/Jakarta
1005,Cibaduyut Kidul,17,-6.95975259,107.59121037,Asia/Jakarta
1006,Cibaduyut Wetan,17,-6.95888395,107.59867087,Asia/Jakarta
1001,Cihaur Geulis,18,-6.90135556,107.62863309,Asia/Jakarta
1002,Sukaluyu,18,-6.89596058,107.6300072,Asia/Jakarta
1003,Neglasari,18,-6.89516971,107.63921821,Asia/Jakarta
1004,Cigadung,18,-6.88024198,107.62775067,Asia/Jakarta
1001,Braga,19,-6.91812043,107.60853591,Asia/Jakarta
1002,Merdeka,19,-6.9135205,107.62115346,Asia/Jakarta
1003,Kebon Pisang,19,-6.91928876,107.61710125,Asia/Jakarta
1004,Babakan Ciamis,19,-6.91146031,107.60855707,Asia/Jakarta
1001,Antapani Kulon,20,-6.90998188,107.65627755,Asia/Jakarta
1004,Antapani Tengah,20,-6.91903766,107.66246246,Asia/Jakarta
1005,Antapani Kidul,20,-6.92323281,107.65984603,Asia/Jakarta
1003,Cisaranten Kulon,24,-6.92525618,107.68065079,Asia/Jakarta
1004,Cisaranten Endah,24,-6.93077393,107.67212376,Asia/Jakarta
1001,Sukamiskin,24,-6.91306986,107.67354179,Asia/Jakarta
1002,Cisaranten Bina Harapan,24,-6.91123104,107.6852143,Asia/Jakarta
1001,Palasari,25,-6.91322622,107.72401304,Asia/Jakarta
1002,Cipadung,25,-6.92422755,107.71913874,Asia/Jakarta
1003,Pasir Biru,25,-6.92415822,107.72406648,Asia/Jakarta
1004,Cisurupan,25,-6.90565994,107.7231306,Asia/Jakarta
1003,Pasir Endah,26,-6.90433025,107.69006986,Asia/Jakarta
1004,Cigending,26,-6.910521,107.69785704,Asia/Jakarta
1005,Pasirwangi,26,-6.89944187,107.70632682,Asia/Jakarta
1006,Pasirjati,26,-6.90278313,107.71034359,Asia/Jakarta
1007,Pasanggrahan,26,-6.91068549,107.71397596,Asia/Jakarta
1001,Cimincrang,27,-6.94573933,107.70491593,Asia/Jakarta
1002,Cisaranten Kidul,27,-6.94944527,107.69306399,Asia/Jakarta
1003,Rancabolang,27,-6.96192857,107.69305317,Asia/Jakarta
1004,Rancanumpang,27,-6.96019801,107.7098629,Asia/Jakarta
1001,Cipadung Kulon,28,-6.92174078,107.70453127,Asia/Jakarta
1002,Cipadung Kidul,28,-6.9414159,107.71168829,Asia/Jakarta
1003,Cipadung Wetan,28,-6.93166824,107.70991215,Asia/Jakarta
1004,Mekar Mulya,28,-6.93110181,107.69993586,Asia/Jakarta
1001,Cisaranten Wetan,29,-6.92397129,107.68755971,Asia/Jakarta
1002,Pakemitan,29,-6.92089482,107.69350243,Asia/Jakarta
1003,Sukamulya,29,-6.92025243,107.6989587,Asia/Jakarta
1004,Babakan Penghulu,29,-6.93608158,107.69002671,Asia/Jakarta
1001,Jatihandap,30,-6.89557679,107.66342991,Asia/Jakarta
1002,Karang Pamulang,30,-6.89848355,107.67193129,Asia/Jakarta
1003,Pasir Impun,30,-6.8973008,107.67939625,Asia/Jakarta
1004,Sindang Jaya,30,-6.90105948,107.6838322,Asia/Jakarta
1006,Antapani Wetan,20,-6.90933643,107.66401741,Asia/Jakarta
1001,Batununggal,21,-6.95257179,107.63200556,Asia/Jakarta
1002,Wates,21,-6.95901001,107.61555243,Asia/Jakarta
1003,Mengger,21,-6.96025154,107.62886464,Asia/Jakarta
1004,Kujangsari,21,-6.96150854,107.64267132,Asia/Jakarta
1001,Sekejati,22,-6.94602231,107.65508025,Asia/Jakarta
1002,Margasari,22,-6.95479115,107.65718245,Asia/Jakarta
1003,Cijaura,22,-6.95866358,107.65071981,Asia/Jakarta
1004,Jati Sari,22,-6.93611057,107.66169332,Asia/Jakarta
1001,Cipamokolan,23,-6.94676881,107.67590388,Asia/Jakarta
1002,Derwati,23,-6.96112157,107.68167239,Asia/Jakarta
1003,Manjahlega,23,-6.94730106,107.6669374,Asia/Jakarta
1004,Mekarmulya,23,-6.9627705,107.66937096,Asia/Jakarta
